/*
DROP DATABASE IEB_PRO;

CREATE DATABASE IEB_PRO;

DROP TABLE IEB_PRO.TABLA_TRAZAS;
*/

 /*--------------------------------------------------------------------------------------------*/
CREATE TABLE IEB_PRO.TABLA_TRAZAS (ID      INT NOT NULL, 
							PRIMARY KEY(ID),
						   TRAZA   VARCHAR(200));

 /*--------------------------------------------------------------------------------------------*/
CREATE TABLE IEB_PRO.T_SUBYACENTES(ID_SUBYACENTE                      INT                                NOT NULL,
								   NOMBRE                             VARCHAR                            (250) NOT NULL,
								   TIPO_SUBYACENTE					  VARCHAR                            (50)   NOT NULL,
								   UNIQUE INDEX(NOMBRE, TIPO_SUBYACENTE),
								   ZONA_GEOGRAFICA					  VARCHAR							 (50)   NULL,
								   MERCADO							  VARCHAR                            (50)   NULL,
								   MULTIPLICADOR                      NUMERIC                            (15,5) NULL,
								   HORA_APERTURA					  VARCHAR							 (4)    NULL,
								   HORA_CIERRE						  VARCHAR                            (4)    NULL						    								   
);

ALTER TABLE IEB_PRO.T_SUBYACENTES
    ADD CONSTRAINT PK_T_SUBYACENTES PRIMARY KEY (ID_SUBYACENTE);

CREATE INDEX IND_T_SUBY ON IEB_PRO.T_SUBYACENTES(TIPO_SUBYACENTE);	


INSERT INTO IEB_PRO.T_SUBYACENTES (ID_SUBYACENTE, NOMBRE, TIPO_SUBYACENTE, ZONA_GEOGRAFICA, MERCADO, MULTIPLICADOR, HORA_APERTURA, HORA_CIERRE) VALUES (30001, 'Futuro Mini Ibex 35', 'OPTION', 'Europa', 'SPAIN', 1, '0830', '2000');
INSERT INTO IEB_PRO.T_SUBYACENTES (ID_SUBYACENTE, NOMBRE, TIPO_SUBYACENTE, ZONA_GEOGRAFICA, MERCADO, MULTIPLICADOR, HORA_APERTURA, HORA_CIERRE) VALUES (30002, 'Índice Cac 40', 'OPTION', 'Europa', 'FRANCE', 10, '0830', '2000');
INSERT INTO IEB_PRO.T_SUBYACENTES (ID_SUBYACENTE, NOMBRE, TIPO_SUBYACENTE, ZONA_GEOGRAFICA, MERCADO, MULTIPLICADOR, HORA_APERTURA, HORA_CIERRE) VALUES (30003, 'Índice Dax 30', 'OPTION', 'Europa', 'GERMANY', 5, '0830', '2000');
INSERT INTO IEB_PRO.T_SUBYACENTES (ID_SUBYACENTE, NOMBRE, TIPO_SUBYACENTE, ZONA_GEOGRAFICA, MERCADO, MULTIPLICADOR, HORA_APERTURA, HORA_CIERRE) VALUES (30004, 'Índice Eurostoxx 50', 'OPTION', 'Europa', 'ÍNDICE EUROSTOXX', 10, '0830', '2000');
INSERT INTO IEB_PRO.T_SUBYACENTES (ID_SUBYACENTE, NOMBRE, TIPO_SUBYACENTE, ZONA_GEOGRAFICA, MERCADO, MULTIPLICADOR, HORA_APERTURA, HORA_CIERRE) VALUES (30009, 'Telefónica', 'OPTION', 'Europa', 'SPAIN', 100, '0830', '2000');
INSERT INTO IEB_PRO.T_SUBYACENTES (ID_SUBYACENTE, NOMBRE, TIPO_SUBYACENTE, ZONA_GEOGRAFICA, MERCADO, MULTIPLICADOR, HORA_APERTURA, HORA_CIERRE) VALUES (30010, 'Endesa', 'OPTION', 'Europa', 'SPAIN', 100, '0830', '2000');
INSERT INTO IEB_PRO.T_SUBYACENTES (ID_SUBYACENTE, NOMBRE, TIPO_SUBYACENTE, ZONA_GEOGRAFICA, MERCADO, MULTIPLICADOR, HORA_APERTURA, HORA_CIERRE) VALUES (30011, 'Repsol', 'OPTION', 'Europa', 'SPAIN', 100, '0830', '2000');
INSERT INTO IEB_PRO.T_SUBYACENTES (ID_SUBYACENTE, NOMBRE, TIPO_SUBYACENTE, ZONA_GEOGRAFICA, MERCADO, MULTIPLICADOR, HORA_APERTURA, HORA_CIERRE) VALUES (30012, 'Banco Bbva', 'OPTION', 'Europa', 'SPAIN', 100, '0830', '2000');
INSERT INTO IEB_PRO.T_SUBYACENTES (ID_SUBYACENTE, NOMBRE, TIPO_SUBYACENTE, ZONA_GEOGRAFICA, MERCADO, MULTIPLICADOR, HORA_APERTURA, HORA_CIERRE) VALUES (30013, 'Iberdrola', 'OPTION', 'Europa', 'SPAIN', 100, '0830', '2000');
INSERT INTO IEB_PRO.T_SUBYACENTES (ID_SUBYACENTE, NOMBRE, TIPO_SUBYACENTE, ZONA_GEOGRAFICA, MERCADO, MULTIPLICADOR, HORA_APERTURA, HORA_CIERRE) VALUES (30014, 'CAIXABANK', 'OPTION', 'Europa', 'SPAIN', 100, '0830', '2000');
INSERT INTO IEB_PRO.T_SUBYACENTES (ID_SUBYACENTE, NOMBRE, TIPO_SUBYACENTE, ZONA_GEOGRAFICA, MERCADO, MULTIPLICADOR, HORA_APERTURA, HORA_CIERRE) VALUES (30015, 'Banco Santander', 'OPTION', 'Europa', 'SPAIN', 100, '0830', '2000');
INSERT INTO IEB_PRO.T_SUBYACENTES (ID_SUBYACENTE, NOMBRE, TIPO_SUBYACENTE, ZONA_GEOGRAFICA, MERCADO, MULTIPLICADOR, HORA_APERTURA, HORA_CIERRE) VALUES (30017, 'Acerinox', 'OPTION', 'Europa', 'SPAIN', 100, '0830', '2000');
INSERT INTO IEB_PRO.T_SUBYACENTES (ID_SUBYACENTE, NOMBRE, TIPO_SUBYACENTE, ZONA_GEOGRAFICA, MERCADO, MULTIPLICADOR, HORA_APERTURA, HORA_CIERRE) VALUES (30019, 'Gas Natural', 'OPTION', 'Europa', 'SPAIN', 100, '0830', '2000');
INSERT INTO IEB_PRO.T_SUBYACENTES (ID_SUBYACENTE, NOMBRE, TIPO_SUBYACENTE, ZONA_GEOGRAFICA, MERCADO, MULTIPLICADOR, HORA_APERTURA, HORA_CIERRE) VALUES (30022, 'Indra Sistemas', 'OPTION', 'Europa', 'SPAIN', 100, '0830', '2000');
INSERT INTO IEB_PRO.T_SUBYACENTES (ID_SUBYACENTE, NOMBRE, TIPO_SUBYACENTE, ZONA_GEOGRAFICA, MERCADO, MULTIPLICADOR, HORA_APERTURA, HORA_CIERRE) VALUES (30027, 'Inditex', 'OPTION', 'Europa', 'SPAIN', 100, '0830', '2000');
INSERT INTO IEB_PRO.T_SUBYACENTES (ID_SUBYACENTE, NOMBRE, TIPO_SUBYACENTE, ZONA_GEOGRAFICA, MERCADO, MULTIPLICADOR, HORA_APERTURA, HORA_CIERRE) VALUES (30029, 'Daimler', 'OPTION', 'Europa', 'ÍNDICE EUROSTOXX', 100, '0830', '2000');
INSERT INTO IEB_PRO.T_SUBYACENTES (ID_SUBYACENTE, NOMBRE, TIPO_SUBYACENTE, ZONA_GEOGRAFICA, MERCADO, MULTIPLICADOR, HORA_APERTURA, HORA_CIERRE) VALUES (30030, 'Volkswagen', 'OPTION', 'Europa', 'ÍNDICE EUROSTOXX', 100, '0830', '2000');
INSERT INTO IEB_PRO.T_SUBYACENTES (ID_SUBYACENTE, NOMBRE, TIPO_SUBYACENTE, ZONA_GEOGRAFICA, MERCADO, MULTIPLICADOR, HORA_APERTURA, HORA_CIERRE) VALUES (30032, 'BNP Paribas', 'OPTION', 'Europa', 'ÍNDICE EUROSTOXX', 100, '0830', '2000');
INSERT INTO IEB_PRO.T_SUBYACENTES (ID_SUBYACENTE, NOMBRE, TIPO_SUBYACENTE, ZONA_GEOGRAFICA, MERCADO, MULTIPLICADOR, HORA_APERTURA, HORA_CIERRE) VALUES (30033, 'Deutsche Bank', 'OPTION', 'Europa', 'ÍNDICE EUROSTOXX', 100, '0830', '2000');
INSERT INTO IEB_PRO.T_SUBYACENTES (ID_SUBYACENTE, NOMBRE, TIPO_SUBYACENTE, ZONA_GEOGRAFICA, MERCADO, MULTIPLICADOR, HORA_APERTURA, HORA_CIERRE) VALUES (30034, 'Societe Generale', 'OPTION', 'Europa', 'ÍNDICE EUROSTOXX', 100, '0830', '2000');
INSERT INTO IEB_PRO.T_SUBYACENTES (ID_SUBYACENTE, NOMBRE, TIPO_SUBYACENTE, ZONA_GEOGRAFICA, MERCADO, MULTIPLICADOR, HORA_APERTURA, HORA_CIERRE) VALUES (30035, 'ING Groep', 'OPTION', 'Europa', 'ÍNDICE EUROSTOXX', 100, '0830', '2000');
INSERT INTO IEB_PRO.T_SUBYACENTES (ID_SUBYACENTE, NOMBRE, TIPO_SUBYACENTE, ZONA_GEOGRAFICA, MERCADO, MULTIPLICADOR, HORA_APERTURA, HORA_CIERRE) VALUES (30036, 'BASF', 'OPTION', 'Europa', 'ÍNDICE EUROSTOXX', 100, '0830', '2000');
INSERT INTO IEB_PRO.T_SUBYACENTES (ID_SUBYACENTE, NOMBRE, TIPO_SUBYACENTE, ZONA_GEOGRAFICA, MERCADO, MULTIPLICADOR, HORA_APERTURA, HORA_CIERRE) VALUES (30037, 'Bayer', 'OPTION', 'Europa', 'ÍNDICE EUROSTOXX', 100, '0830', '2000');
INSERT INTO IEB_PRO.T_SUBYACENTES (ID_SUBYACENTE, NOMBRE, TIPO_SUBYACENTE, ZONA_GEOGRAFICA, MERCADO, MULTIPLICADOR, HORA_APERTURA, HORA_CIERRE) VALUES (30038, 'Air Liquide', 'OPTION', 'Europa', 'ÍNDICE EUROSTOXX', 100, '0830', '2000');
INSERT INTO IEB_PRO.T_SUBYACENTES (ID_SUBYACENTE, NOMBRE, TIPO_SUBYACENTE, ZONA_GEOGRAFICA, MERCADO, MULTIPLICADOR, HORA_APERTURA, HORA_CIERRE) VALUES (30039, 'Groupe Danone', 'OPTION', 'Europa', 'ÍNDICE EUROSTOXX', 100, '0830', '2000');
INSERT INTO IEB_PRO.T_SUBYACENTES (ID_SUBYACENTE, NOMBRE, TIPO_SUBYACENTE, ZONA_GEOGRAFICA, MERCADO, MULTIPLICADOR, HORA_APERTURA, HORA_CIERRE) VALUES (30040, 'Unilever', 'OPTION', 'Europa', 'ÍNDICE EUROSTOXX', 100, '0830', '2000');
INSERT INTO IEB_PRO.T_SUBYACENTES (ID_SUBYACENTE, NOMBRE, TIPO_SUBYACENTE, ZONA_GEOGRAFICA, MERCADO, MULTIPLICADOR, HORA_APERTURA, HORA_CIERRE) VALUES (30041, 'Nokia OYJ', 'OPTION', 'Europa', 'ÍNDICE EUROSTOXX', 100, '0830', '2000');
INSERT INTO IEB_PRO.T_SUBYACENTES (ID_SUBYACENTE, NOMBRE, TIPO_SUBYACENTE, ZONA_GEOGRAFICA, MERCADO, MULTIPLICADOR, HORA_APERTURA, HORA_CIERRE) VALUES (30042, 'Siemens', 'OPTION', 'Europa', 'ÍNDICE EUROSTOXX', 100, '0830', '2000');
INSERT INTO IEB_PRO.T_SUBYACENTES (ID_SUBYACENTE, NOMBRE, TIPO_SUBYACENTE, ZONA_GEOGRAFICA, MERCADO, MULTIPLICADOR, HORA_APERTURA, HORA_CIERRE) VALUES (30043, 'Koninklije Philips', 'OPTION', 'Europa', 'ÍNDICE EUROSTOXX', 100, '0830', '2000');
INSERT INTO IEB_PRO.T_SUBYACENTES (ID_SUBYACENTE, NOMBRE, TIPO_SUBYACENTE, ZONA_GEOGRAFICA, MERCADO, MULTIPLICADOR, HORA_APERTURA, HORA_CIERRE) VALUES (30045, 'Allianz', 'OPTION', 'Europa', 'ÍNDICE EUROSTOXX', 100, '0830', '2000');
INSERT INTO IEB_PRO.T_SUBYACENTES (ID_SUBYACENTE, NOMBRE, TIPO_SUBYACENTE, ZONA_GEOGRAFICA, MERCADO, MULTIPLICADOR, HORA_APERTURA, HORA_CIERRE) VALUES (30046, 'AXA', 'OPTION', 'Europa', 'ÍNDICE EUROSTOXX', 100, '0830', '2000');
INSERT INTO IEB_PRO.T_SUBYACENTES (ID_SUBYACENTE, NOMBRE, TIPO_SUBYACENTE, ZONA_GEOGRAFICA, MERCADO, MULTIPLICADOR, HORA_APERTURA, HORA_CIERRE) VALUES (30047, 'Aegon', 'OPTION', 'Europa', 'ÍNDICE EUROSTOXX', 100, '0830', '2000');
INSERT INTO IEB_PRO.T_SUBYACENTES (ID_SUBYACENTE, NOMBRE, TIPO_SUBYACENTE, ZONA_GEOGRAFICA, MERCADO, MULTIPLICADOR, HORA_APERTURA, HORA_CIERRE) VALUES (30048, 'Royal Dutch Shell Plc', 'OPTION', 'Europa', 'ÍNDICE EUROSTOXX', 100, '0830', '2000');
INSERT INTO IEB_PRO.T_SUBYACENTES (ID_SUBYACENTE, NOMBRE, TIPO_SUBYACENTE, ZONA_GEOGRAFICA, MERCADO, MULTIPLICADOR, HORA_APERTURA, HORA_CIERRE) VALUES (30049, 'Total', 'OPTION', 'Europa', 'ÍNDICE EUROSTOXX', 100, '0830', '2000');
INSERT INTO IEB_PRO.T_SUBYACENTES (ID_SUBYACENTE, NOMBRE, TIPO_SUBYACENTE, ZONA_GEOGRAFICA, MERCADO, MULTIPLICADOR, HORA_APERTURA, HORA_CIERRE) VALUES (30050, 'Deutsche Telekom', 'OPTION', 'Europa', 'ÍNDICE EUROSTOXX', 100, '0830', '2000');
INSERT INTO IEB_PRO.T_SUBYACENTES (ID_SUBYACENTE, NOMBRE, TIPO_SUBYACENTE, ZONA_GEOGRAFICA, MERCADO, MULTIPLICADOR, HORA_APERTURA, HORA_CIERRE) VALUES (30051, 'Orange', 'OPTION', 'Europa', 'ÍNDICE EUROSTOXX', 100, '0830', '2000');
INSERT INTO IEB_PRO.T_SUBYACENTES (ID_SUBYACENTE, NOMBRE, TIPO_SUBYACENTE, ZONA_GEOGRAFICA, MERCADO, MULTIPLICADOR, HORA_APERTURA, HORA_CIERRE) VALUES (30052, 'E.ON', 'OPTION', 'Europa', 'ÍNDICE EUROSTOXX', 100, '0830', '2000');
INSERT INTO IEB_PRO.T_SUBYACENTES (ID_SUBYACENTE, NOMBRE, TIPO_SUBYACENTE, ZONA_GEOGRAFICA, MERCADO, MULTIPLICADOR, HORA_APERTURA, HORA_CIERRE) VALUES (30053, 'GDF SUEZ', 'OPTION', 'Europa', 'ÍNDICE EUROSTOXX', 100, '0830', '2000');
INSERT INTO IEB_PRO.T_SUBYACENTES (ID_SUBYACENTE, NOMBRE, TIPO_SUBYACENTE, ZONA_GEOGRAFICA, MERCADO, MULTIPLICADOR, HORA_APERTURA, HORA_CIERRE) VALUES (30054, 'RWE', 'OPTION', 'Europa', 'ÍNDICE EUROSTOXX', 100, '0830', '2000');
INSERT INTO IEB_PRO.T_SUBYACENTES (ID_SUBYACENTE, NOMBRE, TIPO_SUBYACENTE, ZONA_GEOGRAFICA, MERCADO, MULTIPLICADOR, HORA_APERTURA, HORA_CIERRE) VALUES (30055, 'Grifols', 'OPTION', 'Europa', 'SPAIN', 100, '0830', '2000');
INSERT INTO IEB_PRO.T_SUBYACENTES (ID_SUBYACENTE, NOMBRE, TIPO_SUBYACENTE, ZONA_GEOGRAFICA, MERCADO, MULTIPLICADOR, HORA_APERTURA, HORA_CIERRE) VALUES (30056, 'Gamesa Corp Tecnologica', 'OPTION', 'Europa', 'SPAIN', 100, '0830', '2000');
INSERT INTO IEB_PRO.T_SUBYACENTES (ID_SUBYACENTE, NOMBRE, TIPO_SUBYACENTE, ZONA_GEOGRAFICA, MERCADO, MULTIPLICADOR, HORA_APERTURA, HORA_CIERRE) VALUES (30057, 'BME', 'OPTION', 'Europa', 'SPAIN', 100, '0830', '2000');
INSERT INTO IEB_PRO.T_SUBYACENTES (ID_SUBYACENTE, NOMBRE, TIPO_SUBYACENTE, ZONA_GEOGRAFICA, MERCADO, MULTIPLICADOR, HORA_APERTURA, HORA_CIERRE) VALUES (30058, 'Sanofi', 'OPTION', 'Europa', 'ÍNDICE EUROSTOXX', 100, '0830', '2000');
INSERT INTO IEB_PRO.T_SUBYACENTES (ID_SUBYACENTE, NOMBRE, TIPO_SUBYACENTE, ZONA_GEOGRAFICA, MERCADO, MULTIPLICADOR, HORA_APERTURA, HORA_CIERRE) VALUES (30059, 'S&P500', 'OPTION', 'Estados Unidos', 'ÍNDICE S&P 500', 100, '1500', '2300');
INSERT INTO IEB_PRO.T_SUBYACENTES (ID_SUBYACENTE, NOMBRE, TIPO_SUBYACENTE, ZONA_GEOGRAFICA, MERCADO, MULTIPLICADOR, HORA_APERTURA, HORA_CIERRE) VALUES (30060, 'Dow Jones Industrial', 'OPTION', 'Estados Unidos', 'ÍNDICE DOW JONES INDUSTRIALES', 100, '1500', '2300');
INSERT INTO IEB_PRO.T_SUBYACENTES (ID_SUBYACENTE, NOMBRE, TIPO_SUBYACENTE, ZONA_GEOGRAFICA, MERCADO, MULTIPLICADOR, HORA_APERTURA, HORA_CIERRE) VALUES (30061, 'NASDAQ100', 'OPTION', 'Estados Unidos', 'ÍNDICE NASDAQ 100', 100, '1500', '2300');
INSERT INTO IEB_PRO.T_SUBYACENTES (ID_SUBYACENTE, NOMBRE, TIPO_SUBYACENTE, ZONA_GEOGRAFICA, MERCADO, MULTIPLICADOR, HORA_APERTURA, HORA_CIERRE) VALUES (30062, 'Índice AEX', 'OPTION', 'Europa', 'HOLANDA', 100, '0830', '2000');
INSERT INTO IEB_PRO.T_SUBYACENTES (ID_SUBYACENTE, NOMBRE, TIPO_SUBYACENTE, ZONA_GEOGRAFICA, MERCADO, MULTIPLICADOR, HORA_APERTURA, HORA_CIERRE) VALUES (30063, 'Índice Stoxx Bancos', 'OPTION', 'Europa', 'ÍNDICE EUROSTOXX', 5, '0830', '2000');
INSERT INTO IEB_PRO.T_SUBYACENTES (ID_SUBYACENTE, NOMBRE, TIPO_SUBYACENTE, ZONA_GEOGRAFICA, MERCADO, MULTIPLICADOR, HORA_APERTURA, HORA_CIERRE) VALUES (30064, 'Índice Stoxx Seguros', 'OPTION', 'Europa', 'ÍNDICE EUROSTOXX', 5, '0830', '2000');
INSERT INTO IEB_PRO.T_SUBYACENTES (ID_SUBYACENTE, NOMBRE, TIPO_SUBYACENTE, ZONA_GEOGRAFICA, MERCADO, MULTIPLICADOR, HORA_APERTURA, HORA_CIERRE) VALUES (30065, 'Índice FTSEMIB', 'OPTION', 'Europa', 'ITALIA', 5, '0830', '2000');
INSERT INTO IEB_PRO.T_SUBYACENTES (ID_SUBYACENTE, NOMBRE, TIPO_SUBYACENTE, ZONA_GEOGRAFICA, MERCADO, MULTIPLICADOR, HORA_APERTURA, HORA_CIERRE) VALUES (30067, 'ACS', 'OPTION', 'Europa', 'SPAIN', 100, '0830', '2000');
INSERT INTO IEB_PRO.T_SUBYACENTES (ID_SUBYACENTE, NOMBRE, TIPO_SUBYACENTE, ZONA_GEOGRAFICA, MERCADO, MULTIPLICADOR, HORA_APERTURA, HORA_CIERRE) VALUES (30068, 'OHL', 'OPTION', 'Europa', 'SPAIN', 100, '0830', '2000');
INSERT INTO IEB_PRO.T_SUBYACENTES (ID_SUBYACENTE, NOMBRE, TIPO_SUBYACENTE, ZONA_GEOGRAFICA, MERCADO, MULTIPLICADOR, HORA_APERTURA, HORA_CIERRE) VALUES (30069, 'ENEL SpA', 'OPTION', 'Europa', 'ÍNDICE EUROSTOXX', 100, '0830', '2000');
INSERT INTO IEB_PRO.T_SUBYACENTES (ID_SUBYACENTE, NOMBRE, TIPO_SUBYACENTE, ZONA_GEOGRAFICA, MERCADO, MULTIPLICADOR, HORA_APERTURA, HORA_CIERRE) VALUES (20001, 'IBEX35', 'FUTURE', 'Europa', 'SPAIN', 10, '0830', '2000');
INSERT INTO IEB_PRO.T_SUBYACENTES (ID_SUBYACENTE, NOMBRE, TIPO_SUBYACENTE, ZONA_GEOGRAFICA, MERCADO, MULTIPLICADOR, HORA_APERTURA, HORA_CIERRE) VALUES (20003, 'Índice Cac 40', 'FUTURE', 'Europa', 'FRANCE', 10, '0830', '2000');
INSERT INTO IEB_PRO.T_SUBYACENTES (ID_SUBYACENTE, NOMBRE, TIPO_SUBYACENTE, ZONA_GEOGRAFICA, MERCADO, MULTIPLICADOR, HORA_APERTURA, HORA_CIERRE) VALUES (20004, 'Índice Dax 30', 'FUTURE', 'Europa', 'GERMANY', 25, '0830', '2000');
INSERT INTO IEB_PRO.T_SUBYACENTES (ID_SUBYACENTE, NOMBRE, TIPO_SUBYACENTE, ZONA_GEOGRAFICA, MERCADO, MULTIPLICADOR, HORA_APERTURA, HORA_CIERRE) VALUES (20005, 'ÍNDICE EUROSTOXX 50', 'FUTURE', 'Europa', 'ÍNDICE EUROSTOXX', 10, '0830', '2000');
INSERT INTO IEB_PRO.T_SUBYACENTES (ID_SUBYACENTE, NOMBRE, TIPO_SUBYACENTE, ZONA_GEOGRAFICA, MERCADO, MULTIPLICADOR, HORA_APERTURA, HORA_CIERRE) VALUES (20006, 'Índice Dow Jones Industrial', 'FUTURE', 'Estados Unidos', 'ÍNDICE DOW JONES INDUSTRIALES', 10, '1500', '2300');
INSERT INTO IEB_PRO.T_SUBYACENTES (ID_SUBYACENTE, NOMBRE, TIPO_SUBYACENTE, ZONA_GEOGRAFICA, MERCADO, MULTIPLICADOR, HORA_APERTURA, HORA_CIERRE) VALUES (20007, 'Índice S&P500', 'FUTURE', 'Estados Unidos', 'ÍNDICE S&P 500', 250, '1500', '2300');
INSERT INTO IEB_PRO.T_SUBYACENTES (ID_SUBYACENTE, NOMBRE, TIPO_SUBYACENTE, ZONA_GEOGRAFICA, MERCADO, MULTIPLICADOR, HORA_APERTURA, HORA_CIERRE) VALUES (20008, 'Índice Nasdaq 100', 'FUTURE', 'Estados Unidos', 'ÍNDICE NASDAQ 100', 100, '1500', '2300');
INSERT INTO IEB_PRO.T_SUBYACENTES (ID_SUBYACENTE, NOMBRE, TIPO_SUBYACENTE, ZONA_GEOGRAFICA, MERCADO, MULTIPLICADOR, HORA_APERTURA, HORA_CIERRE) VALUES (20010, 'Telefónica', 'FUTURE', 'Europa', 'SPAIN', 100, '0830', '2000');
INSERT INTO IEB_PRO.T_SUBYACENTES (ID_SUBYACENTE, NOMBRE, TIPO_SUBYACENTE, ZONA_GEOGRAFICA, MERCADO, MULTIPLICADOR, HORA_APERTURA, HORA_CIERRE) VALUES (20011, 'Endesa', 'FUTURE', 'Europa', 'SPAIN', 100, '0830', '2000');
INSERT INTO IEB_PRO.T_SUBYACENTES (ID_SUBYACENTE, NOMBRE, TIPO_SUBYACENTE, ZONA_GEOGRAFICA, MERCADO, MULTIPLICADOR, HORA_APERTURA, HORA_CIERRE) VALUES (20012, 'Repsol', 'FUTURE', 'Europa', 'SPAIN', 100, '0830', '2000');
INSERT INTO IEB_PRO.T_SUBYACENTES (ID_SUBYACENTE, NOMBRE, TIPO_SUBYACENTE, ZONA_GEOGRAFICA, MERCADO, MULTIPLICADOR, HORA_APERTURA, HORA_CIERRE) VALUES (20013, 'Banco Bbva', 'FUTURE', 'Europa', 'SPAIN', 100, '0830', '2000');
INSERT INTO IEB_PRO.T_SUBYACENTES (ID_SUBYACENTE, NOMBRE, TIPO_SUBYACENTE, ZONA_GEOGRAFICA, MERCADO, MULTIPLICADOR, HORA_APERTURA, HORA_CIERRE) VALUES (20016, 'Banco Santander', 'FUTURE', 'Europa', 'SPAIN', 100, '0830', '2000');
INSERT INTO IEB_PRO.T_SUBYACENTES (ID_SUBYACENTE, NOMBRE, TIPO_SUBYACENTE, ZONA_GEOGRAFICA, MERCADO, MULTIPLICADOR, HORA_APERTURA, HORA_CIERRE) VALUES (20031, 'Iberdrola', 'FUTURE', 'Europa', 'SPAIN', 100, '0830', '2000');
INSERT INTO IEB_PRO.T_SUBYACENTES (ID_SUBYACENTE, NOMBRE, TIPO_SUBYACENTE, ZONA_GEOGRAFICA, MERCADO, MULTIPLICADOR, HORA_APERTURA, HORA_CIERRE) VALUES (20032, 'Inditex', 'FUTURE', 'Europa', 'SPAIN', 100, '0830', '2000');
INSERT INTO IEB_PRO.T_SUBYACENTES (ID_SUBYACENTE, NOMBRE, TIPO_SUBYACENTE, ZONA_GEOGRAFICA, MERCADO, MULTIPLICADOR, HORA_APERTURA, HORA_CIERRE) VALUES (20035, 'Daimler', 'FUTURE', 'Europa', 'ÍNDICE EUROSTOXX', 100, '0830', '2000');
INSERT INTO IEB_PRO.T_SUBYACENTES (ID_SUBYACENTE, NOMBRE, TIPO_SUBYACENTE, ZONA_GEOGRAFICA, MERCADO, MULTIPLICADOR, HORA_APERTURA, HORA_CIERRE) VALUES (20036, 'Volkswagen', 'FUTURE', 'Europa', 'ÍNDICE EUROSTOXX', 100, '0830', '2000');
INSERT INTO IEB_PRO.T_SUBYACENTES (ID_SUBYACENTE, NOMBRE, TIPO_SUBYACENTE, ZONA_GEOGRAFICA, MERCADO, MULTIPLICADOR, HORA_APERTURA, HORA_CIERRE) VALUES (20038, 'BNP Paribas', 'FUTURE', 'Europa', 'ÍNDICE EUROSTOXX', 100, '0830', '2000');
INSERT INTO IEB_PRO.T_SUBYACENTES (ID_SUBYACENTE, NOMBRE, TIPO_SUBYACENTE, ZONA_GEOGRAFICA, MERCADO, MULTIPLICADOR, HORA_APERTURA, HORA_CIERRE) VALUES (20039, 'Deutsche Bank', 'FUTURE', 'Europa', 'ÍNDICE EUROSTOXX', 100, '0830', '2000');
INSERT INTO IEB_PRO.T_SUBYACENTES (ID_SUBYACENTE, NOMBRE, TIPO_SUBYACENTE, ZONA_GEOGRAFICA, MERCADO, MULTIPLICADOR, HORA_APERTURA, HORA_CIERRE) VALUES (20040, 'Societe Generale', 'FUTURE', 'Europa', 'ÍNDICE EUROSTOXX', 100, '0830', '2000');
INSERT INTO IEB_PRO.T_SUBYACENTES (ID_SUBYACENTE, NOMBRE, TIPO_SUBYACENTE, ZONA_GEOGRAFICA, MERCADO, MULTIPLICADOR, HORA_APERTURA, HORA_CIERRE) VALUES (20041, 'ING Groep', 'FUTURE', 'Europa', 'ÍNDICE EUROSTOXX', 100, '0830', '2000');
INSERT INTO IEB_PRO.T_SUBYACENTES (ID_SUBYACENTE, NOMBRE, TIPO_SUBYACENTE, ZONA_GEOGRAFICA, MERCADO, MULTIPLICADOR, HORA_APERTURA, HORA_CIERRE) VALUES (20042, 'BASF', 'FUTURE', 'Europa', 'ÍNDICE EUROSTOXX', 100, '0830', '2000');
INSERT INTO IEB_PRO.T_SUBYACENTES (ID_SUBYACENTE, NOMBRE, TIPO_SUBYACENTE, ZONA_GEOGRAFICA, MERCADO, MULTIPLICADOR, HORA_APERTURA, HORA_CIERRE) VALUES (20043, 'Bayer', 'FUTURE', 'Europa', 'ÍNDICE EUROSTOXX', 100, '0830', '2000');
INSERT INTO IEB_PRO.T_SUBYACENTES (ID_SUBYACENTE, NOMBRE, TIPO_SUBYACENTE, ZONA_GEOGRAFICA, MERCADO, MULTIPLICADOR, HORA_APERTURA, HORA_CIERRE) VALUES (20044, 'Air Liquide', 'FUTURE', 'Europa', 'ÍNDICE EUROSTOXX', 100, '0830', '2000');
INSERT INTO IEB_PRO.T_SUBYACENTES (ID_SUBYACENTE, NOMBRE, TIPO_SUBYACENTE, ZONA_GEOGRAFICA, MERCADO, MULTIPLICADOR, HORA_APERTURA, HORA_CIERRE) VALUES (20045, 'Groupe Danone', 'FUTURE', 'Europa', 'ÍNDICE EUROSTOXX', 100, '0830', '2000');
INSERT INTO IEB_PRO.T_SUBYACENTES (ID_SUBYACENTE, NOMBRE, TIPO_SUBYACENTE, ZONA_GEOGRAFICA, MERCADO, MULTIPLICADOR, HORA_APERTURA, HORA_CIERRE) VALUES (20046, 'Unilever', 'FUTURE', 'Europa', 'ÍNDICE EUROSTOXX', 100, '0830', '2000');
INSERT INTO IEB_PRO.T_SUBYACENTES (ID_SUBYACENTE, NOMBRE, TIPO_SUBYACENTE, ZONA_GEOGRAFICA, MERCADO, MULTIPLICADOR, HORA_APERTURA, HORA_CIERRE) VALUES (20047, 'Nokia OYJ', 'FUTURE', 'Europa', 'ÍNDICE EUROSTOXX', 100, '0830', '2000');
INSERT INTO IEB_PRO.T_SUBYACENTES (ID_SUBYACENTE, NOMBRE, TIPO_SUBYACENTE, ZONA_GEOGRAFICA, MERCADO, MULTIPLICADOR, HORA_APERTURA, HORA_CIERRE) VALUES (20048, 'Siemens', 'FUTURE', 'Europa', 'ÍNDICE EUROSTOXX', 100, '0830', '2000');
INSERT INTO IEB_PRO.T_SUBYACENTES (ID_SUBYACENTE, NOMBRE, TIPO_SUBYACENTE, ZONA_GEOGRAFICA, MERCADO, MULTIPLICADOR, HORA_APERTURA, HORA_CIERRE) VALUES (20049, 'Koninklije Philips', 'FUTURE', 'Europa', 'ÍNDICE EUROSTOXX', 100, '0830', '2000');
INSERT INTO IEB_PRO.T_SUBYACENTES (ID_SUBYACENTE, NOMBRE, TIPO_SUBYACENTE, ZONA_GEOGRAFICA, MERCADO, MULTIPLICADOR, HORA_APERTURA, HORA_CIERRE) VALUES (20051, 'Allianz', 'FUTURE', 'Europa', 'ÍNDICE EUROSTOXX', 100, '0830', '2000');
INSERT INTO IEB_PRO.T_SUBYACENTES (ID_SUBYACENTE, NOMBRE, TIPO_SUBYACENTE, ZONA_GEOGRAFICA, MERCADO, MULTIPLICADOR, HORA_APERTURA, HORA_CIERRE) VALUES (20052, 'AXA', 'FUTURE', 'Europa', 'ÍNDICE EUROSTOXX', 100, '0830', '2000');
INSERT INTO IEB_PRO.T_SUBYACENTES (ID_SUBYACENTE, NOMBRE, TIPO_SUBYACENTE, ZONA_GEOGRAFICA, MERCADO, MULTIPLICADOR, HORA_APERTURA, HORA_CIERRE) VALUES (20053, 'Aegon', 'FUTURE', 'Europa', 'ÍNDICE EUROSTOXX', 100, '0830', '2000');
INSERT INTO IEB_PRO.T_SUBYACENTES (ID_SUBYACENTE, NOMBRE, TIPO_SUBYACENTE, ZONA_GEOGRAFICA, MERCADO, MULTIPLICADOR, HORA_APERTURA, HORA_CIERRE) VALUES (20054, 'Royal Dutch Shell Plc', 'FUTURE', 'Europa', 'ÍNDICE EUROSTOXX', 100, '0830', '2000');
INSERT INTO IEB_PRO.T_SUBYACENTES (ID_SUBYACENTE, NOMBRE, TIPO_SUBYACENTE, ZONA_GEOGRAFICA, MERCADO, MULTIPLICADOR, HORA_APERTURA, HORA_CIERRE) VALUES (20055, 'Total', 'FUTURE', 'Europa', 'ÍNDICE EUROSTOXX', 100, '0830', '2000');
INSERT INTO IEB_PRO.T_SUBYACENTES (ID_SUBYACENTE, NOMBRE, TIPO_SUBYACENTE, ZONA_GEOGRAFICA, MERCADO, MULTIPLICADOR, HORA_APERTURA, HORA_CIERRE) VALUES (20056, 'Deutsche Telekom', 'FUTURE', 'Europa', 'ÍNDICE EUROSTOXX', 100, '0830', '2000');
INSERT INTO IEB_PRO.T_SUBYACENTES (ID_SUBYACENTE, NOMBRE, TIPO_SUBYACENTE, ZONA_GEOGRAFICA, MERCADO, MULTIPLICADOR, HORA_APERTURA, HORA_CIERRE) VALUES (20057, 'ORANGE', 'FUTURE', 'Europa', 'ÍNDICE EUROSTOXX', 100, '0830', '2000');
INSERT INTO IEB_PRO.T_SUBYACENTES (ID_SUBYACENTE, NOMBRE, TIPO_SUBYACENTE, ZONA_GEOGRAFICA, MERCADO, MULTIPLICADOR, HORA_APERTURA, HORA_CIERRE) VALUES (20058, 'E.ON', 'FUTURE', 'Europa', 'ÍNDICE EUROSTOXX', 100, '0830', '2000');
INSERT INTO IEB_PRO.T_SUBYACENTES (ID_SUBYACENTE, NOMBRE, TIPO_SUBYACENTE, ZONA_GEOGRAFICA, MERCADO, MULTIPLICADOR, HORA_APERTURA, HORA_CIERRE) VALUES (20059, 'GDF SUEZ', 'FUTURE', 'Europa', 'ÍNDICE EUROSTOXX', 100, '0830', '2000');
INSERT INTO IEB_PRO.T_SUBYACENTES (ID_SUBYACENTE, NOMBRE, TIPO_SUBYACENTE, ZONA_GEOGRAFICA, MERCADO, MULTIPLICADOR, HORA_APERTURA, HORA_CIERRE) VALUES (20060, 'RWE', 'FUTURE', 'Europa', 'ÍNDICE EUROSTOXX', 100, '0830', '2000');
INSERT INTO IEB_PRO.T_SUBYACENTES (ID_SUBYACENTE, NOMBRE, TIPO_SUBYACENTE, ZONA_GEOGRAFICA, MERCADO, MULTIPLICADOR, HORA_APERTURA, HORA_CIERRE) VALUES (20061, 'Gas Natural', 'FUTURE', 'Europa', 'SPAIN', 100, '0830', '2000');
INSERT INTO IEB_PRO.T_SUBYACENTES (ID_SUBYACENTE, NOMBRE, TIPO_SUBYACENTE, ZONA_GEOGRAFICA, MERCADO, MULTIPLICADOR, HORA_APERTURA, HORA_CIERRE) VALUES (20065, 'Abertis', 'FUTURE', 'Europa', 'SPAIN', 100, '0830', '2000');
INSERT INTO IEB_PRO.T_SUBYACENTES (ID_SUBYACENTE, NOMBRE, TIPO_SUBYACENTE, ZONA_GEOGRAFICA, MERCADO, MULTIPLICADOR, HORA_APERTURA, HORA_CIERRE) VALUES (20066, 'Acerinox', 'FUTURE', 'Europa', 'SPAIN', 100, '0830', '2000');
INSERT INTO IEB_PRO.T_SUBYACENTES (ID_SUBYACENTE, NOMBRE, TIPO_SUBYACENTE, ZONA_GEOGRAFICA, MERCADO, MULTIPLICADOR, HORA_APERTURA, HORA_CIERRE) VALUES (20068, 'Bankinter', 'FUTURE', 'Europa', 'SPAIN', 100, '0830', '2000');
INSERT INTO IEB_PRO.T_SUBYACENTES (ID_SUBYACENTE, NOMBRE, TIPO_SUBYACENTE, ZONA_GEOGRAFICA, MERCADO, MULTIPLICADOR, HORA_APERTURA, HORA_CIERRE) VALUES (20069, 'Indra Sistemas', 'FUTURE', 'Europa', 'SPAIN', 100, '0830', '2000');
INSERT INTO IEB_PRO.T_SUBYACENTES (ID_SUBYACENTE, NOMBRE, TIPO_SUBYACENTE, ZONA_GEOGRAFICA, MERCADO, MULTIPLICADOR, HORA_APERTURA, HORA_CIERRE) VALUES (20070, 'Índice S&P500 EMINI', 'FUTURE', 'Estados Unidos', 'ÍNDICE S&P 500', 50, '1500', '2300');
INSERT INTO IEB_PRO.T_SUBYACENTES (ID_SUBYACENTE, NOMBRE, TIPO_SUBYACENTE, ZONA_GEOGRAFICA, MERCADO, MULTIPLICADOR, HORA_APERTURA, HORA_CIERRE) VALUES (20071, 'Índice Nasdaq 100 EMINI', 'FUTURE', 'Estados Unidos', 'ÍNDICE NASDAQ 100', 20, '1500', '2300');
INSERT INTO IEB_PRO.T_SUBYACENTES (ID_SUBYACENTE, NOMBRE, TIPO_SUBYACENTE, ZONA_GEOGRAFICA, MERCADO, MULTIPLICADOR, HORA_APERTURA, HORA_CIERRE) VALUES (20072, 'IBEX35 MINI', 'FUTURE', 'Europa', 'SPAIN', 1, '0830', '2000');
INSERT INTO IEB_PRO.T_SUBYACENTES (ID_SUBYACENTE, NOMBRE, TIPO_SUBYACENTE, ZONA_GEOGRAFICA, MERCADO, MULTIPLICADOR, HORA_APERTURA, HORA_CIERRE) VALUES (20079, 'GAMESA CORP TECNOLOGICA', 'FUTURE', 'Europa', 'SPAIN', 100, '0830', '2000');
INSERT INTO IEB_PRO.T_SUBYACENTES (ID_SUBYACENTE, NOMBRE, TIPO_SUBYACENTE, ZONA_GEOGRAFICA, MERCADO, MULTIPLICADOR, HORA_APERTURA, HORA_CIERRE) VALUES (20080, 'Grifols', 'FUTURE', 'Europa', 'SPAIN', 100, '0830', '2000');
INSERT INTO IEB_PRO.T_SUBYACENTES (ID_SUBYACENTE, NOMBRE, TIPO_SUBYACENTE, ZONA_GEOGRAFICA, MERCADO, MULTIPLICADOR, HORA_APERTURA, HORA_CIERRE) VALUES (20081, 'Banco Sabadell', 'FUTURE', 'Europa', 'SPAIN', 100, '0830', '2000');
INSERT INTO IEB_PRO.T_SUBYACENTES (ID_SUBYACENTE, NOMBRE, TIPO_SUBYACENTE, ZONA_GEOGRAFICA, MERCADO, MULTIPLICADOR, HORA_APERTURA, HORA_CIERRE) VALUES (20082, 'SANOFI', 'FUTURE', 'Europa', 'ÍNDICE EUROSTOXX', 100, '0830', '2000');
INSERT INTO IEB_PRO.T_SUBYACENTES (ID_SUBYACENTE, NOMBRE, TIPO_SUBYACENTE, ZONA_GEOGRAFICA, MERCADO, MULTIPLICADOR, HORA_APERTURA, HORA_CIERRE) VALUES (20083, 'ÍNDICE EUROSTOXX 50 MINI', 'FUTURE', 'Europa', 'ÍNDICE EUROSTOXX', 1, '0830', '2000');
INSERT INTO IEB_PRO.T_SUBYACENTES (ID_SUBYACENTE, NOMBRE, TIPO_SUBYACENTE, ZONA_GEOGRAFICA, MERCADO, MULTIPLICADOR, HORA_APERTURA, HORA_CIERRE) VALUES (20089, 'Índice Stoxx Seguros', 'FUTURE', 'Europa', 'ÍNDICE EUROSTOXX', 10, '0830', '2000');
INSERT INTO IEB_PRO.T_SUBYACENTES (ID_SUBYACENTE, NOMBRE, TIPO_SUBYACENTE, ZONA_GEOGRAFICA, MERCADO, MULTIPLICADOR, HORA_APERTURA, HORA_CIERRE) VALUES (20091, 'ACS', 'FUTURE', 'Europa', 'SPAIN', 100, '0830', '2000');
INSERT INTO IEB_PRO.T_SUBYACENTES (ID_SUBYACENTE, NOMBRE, TIPO_SUBYACENTE, ZONA_GEOGRAFICA, MERCADO, MULTIPLICADOR, HORA_APERTURA, HORA_CIERRE) VALUES (20092, 'OHL', 'FUTURE', 'Europa', 'SPAIN', 100, '0830', '2000');
INSERT INTO IEB_PRO.T_SUBYACENTES (ID_SUBYACENTE, NOMBRE, TIPO_SUBYACENTE, ZONA_GEOGRAFICA, MERCADO, MULTIPLICADOR, HORA_APERTURA, HORA_CIERRE) VALUES (20093, 'SWISS RE', 'FUTURE', 'Europa', 'ÍNDICE EUROSTOXX', 100, '0830', '2000');
INSERT INTO IEB_PRO.T_SUBYACENTES (ID_SUBYACENTE, NOMBRE, TIPO_SUBYACENTE, ZONA_GEOGRAFICA, MERCADO, MULTIPLICADOR, HORA_APERTURA, HORA_CIERRE) VALUES (20094, 'ZURICH INSURANCE', 'FUTURE', 'Europa', 'ÍNDICE EUROSTOXX', 100, '0830', '2000');
INSERT INTO IEB_PRO.T_SUBYACENTES (ID_SUBYACENTE, NOMBRE, TIPO_SUBYACENTE, ZONA_GEOGRAFICA, MERCADO, MULTIPLICADOR, HORA_APERTURA, HORA_CIERRE) VALUES (20125, 'ÍNDICE EUROSTOXX BANKS', 'FUTURE', 'Europa', 'ÍNDICE EUROSTOXX', 1, '0830', '2000');

 /*--------------------------------------------------------------------------------------------*/
DROP TABLE IEB_PRO.T_ACTIVOS_USO;
CREATE TABLE IEB_PRO.T_ACTIVOS_USO (ID_SUBYACENTE                    INT                                 NOT NULL);

ALTER TABLE IEB_PRO.T_ACTIVOS_USO
	ADD CONSTRAINT PK_T_ACTIVOS_USO PRIMARY KEY(ID_SUBYACENTE);
ALTER TABLE IEB_PRO.T_ACTIVOS_USO
	ADD CONSTRAINT FK_T_ACTIVOS_USO FOREIGN KEY(ID_SUBYACENTE) REFERENCES IEB_PRO.T_SUBYACENTES(ID_SUBYACENTE);

		
INSERT INTO IEB_PRO.T_ACTIVOS_USO VALUES (20001); /* IBEX35 */
INSERT INTO IEB_PRO.T_ACTIVOS_USO VALUES (20003); /* Índice Cac 40 */
INSERT INTO IEB_PRO.T_ACTIVOS_USO VALUES (20004); /* Índice Dax 30 */
INSERT INTO IEB_PRO.T_ACTIVOS_USO VALUES (20005); /* ÍNDICE EUROSTOXX 50 */
INSERT INTO IEB_PRO.T_ACTIVOS_USO VALUES (20006); /* Índice Dow Jones Industrial */
INSERT INTO IEB_PRO.T_ACTIVOS_USO VALUES (20007); /* Índice S&P500 */
INSERT INTO IEB_PRO.T_ACTIVOS_USO VALUES (20008); /* Índice Nasdaq 100 */
INSERT INTO IEB_PRO.T_ACTIVOS_USO VALUES (20010); /* Telefónica */
INSERT INTO IEB_PRO.T_ACTIVOS_USO VALUES (20012); /* Repsol */
INSERT INTO IEB_PRO.T_ACTIVOS_USO VALUES (20013); /* Banco Bbva */
INSERT INTO IEB_PRO.T_ACTIVOS_USO VALUES (20016); /* Banco Santander */
INSERT INTO IEB_PRO.T_ACTIVOS_USO VALUES (20031); /* Iberdrola */
INSERT INTO IEB_PRO.T_ACTIVOS_USO VALUES (20032); /* Inditex */
INSERT INTO IEB_PRO.T_ACTIVOS_USO VALUES (20035); /* Daimler */
INSERT INTO IEB_PRO.T_ACTIVOS_USO VALUES (20036); /* Volkswagen */
INSERT INTO IEB_PRO.T_ACTIVOS_USO VALUES (20038); /* BNP Paribas */
INSERT INTO IEB_PRO.T_ACTIVOS_USO VALUES (20039); /* Deutsche Bank */
INSERT INTO IEB_PRO.T_ACTIVOS_USO VALUES (20040); /* Societe Generale */
INSERT INTO IEB_PRO.T_ACTIVOS_USO VALUES (20042); /* BASF */
INSERT INTO IEB_PRO.T_ACTIVOS_USO VALUES (20043); /* Bayer */
INSERT INTO IEB_PRO.T_ACTIVOS_USO VALUES (20044); /* Air Liquide */
INSERT INTO IEB_PRO.T_ACTIVOS_USO VALUES (20045); /* Groupe Danone */
INSERT INTO IEB_PRO.T_ACTIVOS_USO VALUES (20046); /* Unilever */
INSERT INTO IEB_PRO.T_ACTIVOS_USO VALUES (20048); /* Siemens */
INSERT INTO IEB_PRO.T_ACTIVOS_USO VALUES (20049); /* Koninklije Philips */
INSERT INTO IEB_PRO.T_ACTIVOS_USO VALUES (20051); /* Allianz */
INSERT INTO IEB_PRO.T_ACTIVOS_USO VALUES (20052); /* AXA */
INSERT INTO IEB_PRO.T_ACTIVOS_USO VALUES (20054); /* Royal Dutch Shell Plc */
INSERT INTO IEB_PRO.T_ACTIVOS_USO VALUES (20055); /* Total */
INSERT INTO IEB_PRO.T_ACTIVOS_USO VALUES (20056); /* Deutsche Telekom */
INSERT INTO IEB_PRO.T_ACTIVOS_USO VALUES (20057); /* ORANGE */
INSERT INTO IEB_PRO.T_ACTIVOS_USO VALUES (20058); /* E.ON */
INSERT INTO IEB_PRO.T_ACTIVOS_USO VALUES (20060); /* RWE */
/*INSERT INTO IEB_PRO.T_ACTIVOS_USO VALUES (20061); /* Gas Natural */
INSERT INTO IEB_PRO.T_ACTIVOS_USO VALUES (20065); /* Abertis */
INSERT INTO IEB_PRO.T_ACTIVOS_USO VALUES (20066); /* Acerinox */
INSERT INTO IEB_PRO.T_ACTIVOS_USO VALUES (20068); /* Bankinter */
INSERT INTO IEB_PRO.T_ACTIVOS_USO VALUES (20070); /* Índice S&P500 EMINI */
INSERT INTO IEB_PRO.T_ACTIVOS_USO VALUES (20071); /* Índice Nasdaq 100 EMINI */
INSERT INTO IEB_PRO.T_ACTIVOS_USO VALUES (20072); /* IBEX35 MINI */
/*INSERT INTO IEB_PRO.T_ACTIVOS_USO VALUES (20080); /* Grifols */
INSERT INTO IEB_PRO.T_ACTIVOS_USO VALUES (20081); /* Banco Sabadell */
INSERT INTO IEB_PRO.T_ACTIVOS_USO VALUES (20082); /* SANOFI */
INSERT INTO IEB_PRO.T_ACTIVOS_USO VALUES (20083); /* ÍNDICE EUROSTOXX 50 MINI */
INSERT INTO IEB_PRO.T_ACTIVOS_USO VALUES (20091); /* ACS */

 /*--------------------------------------------------------------------------------------------*/
	
CREATE TABLE IEB_PRO.T_VENCIMIENTOS (ID_SUBYACENTE                    INT                                 NOT NULL,
									 VENCIMIENTO                      DATETIME);

ALTER TABLE IEB_PRO.T_VENCIMIENTOS
	ADD CONSTRAINT PK_T_VENCIMIENTOS PRIMARY KEY(ID_SUBYACENTE, VENCIMIENTO);

CREATE INDEX IND_T_VTO_1 ON IEB_PRO.T_VENCIMIENTOS(ID_SUBYACENTE);

CREATE INDEX IND_T_VTO_2 ON IEB_PRO.T_VENCIMIENTOS(VENCIMIENTO);

	
 /*--------------------------------------------------------------------------------------------*/

CREATE TABLE IEB_PRO.T_SUBYACENTES_HISTO_D01(  ID_SUBYACENTE                      INT                     			 NOT NULL,
											   F_HISTO_SUBY_D01                    DATETIME                               NOT NULL      ,
											   UNIQUE INDEX(ID_SUBYACENTE,F_HISTO_SUBY_D01),
											   P_CLOSE_SUBY_D01                    NUMERIC                            (15,5) NULL      ,
											   P_OPEN_SUBY_D01                     NUMERIC                            (15,5) NULL      ,
											   P_HIGH_SUBY_D01                     NUMERIC                            (15,5) NULL      ,
											   P_LOW_SUBY_D01                      NUMERIC                            (15,5) NULL              
);

ALTER TABLE IEB_PRO.T_SUBYACENTES_HISTO_D01
	ADD CONSTRAINT FK_T_SB_H_D01 FOREIGN KEY(ID_SUBYACENTE) REFERENCES IEB_PRO.T_SUBYACENTES(ID_SUBYACENTE);

CREATE INDEX IND_SB_D01_ID ON IEB_PRO.T_SUBYACENTES_HISTO_D01(ID_SUBYACENTE);
	
CREATE INDEX IND_SB_D01_FEC ON IEB_PRO.T_SUBYACENTES_HISTO_D01(F_HISTO_SUBY_D01);



 /*--------------------------------------------------------------------------------------------*/
 
CREATE TABLE IEB_PRO.T_SUBYACENTES_HISTO_H01(  ID_SUBYACENTE                      INT                     			 NOT NULL,
											   F_HISTO_SUBY_H01                    DATETIME                               NOT NULL      ,
											   UNIQUE INDEX(ID_SUBYACENTE,F_HISTO_SUBY_H01),
											   P_CLOSE_SUBY_H01                    NUMERIC                            (15,5) NULL      ,
											   P_OPEN_SUBY_H01                     NUMERIC                            (15,5) NULL      ,
											   P_HIGH_SUBY_H01                     NUMERIC                            (15,5) NULL      ,
											   P_LOW_SUBY_H01                      NUMERIC                            (15,5) NULL      ,
											   P_HIGH_DAY_SUBY_H01 				  NUMERIC						     (15,5) NULL      ,
											   P_MIN_DAY_SUBY_H01 				  NUMERIC						     (15,5) NULL          
);


ALTER TABLE IEB_PRO.T_SUBYACENTES_HISTO_H01
	ADD CONSTRAINT FK_T_SB_H_H01 FOREIGN KEY(ID_SUBYACENTE) REFERENCES IEB_PRO.T_SUBYACENTES(ID_SUBYACENTE);

CREATE INDEX IND_SB_H01_ID ON IEB_PRO.T_SUBYACENTES_HISTO_H01(ID_SUBYACENTE);
	
CREATE INDEX IND_SB_H01_FEC ON IEB_PRO.T_SUBYACENTES_HISTO_H01(F_HISTO_SUBY_H01);


 /*--------------------------------------------------------------------------------------------*/

 CREATE TABLE IEB_PRO.T_VOLATILIDADES_H01 (ID_SUBYACENTE                           INT								 NOT NULL,
										  F_HISTO_VOL_H01                         DATETIME                              NOT NULL,
										  VENCIMIENTO                             DATETIME                              NOT NULL,
										  UNIQUE INDEX (ID_SUBYACENTE, F_HISTO_VOL_H01, VENCIMIENTO),
										  ATM                                  NUMERIC                            (15,5) NULL      ,
										  VOL80                                NUMERIC                            (7, 3) NULL      ,
										  VOL85                                NUMERIC							  (7, 3) NULL      ,
										  VOL90                                NUMERIC                            (7, 3) NULL      ,
										  VOL95                                NUMERIC							  (7, 3) NULL      ,
										  VOL100                               NUMERIC                            (7, 3) NULL      ,
										  VOL105                                NUMERIC							  (7, 3) NULL      ,
										  VOL110                               NUMERIC                            (7, 3) NULL      ,
										  VOL115                                NUMERIC							  (7, 3) NULL      ,
										  VOL120                               NUMERIC                            (7, 3) NULL      ,
										  TASA_R                               NUMERIC                            (7, 3) NULL	   ,
										  BETA8090                             NUMERIC                            (15,5) NULL      ,
										  BETA90100                            NUMERIC                            (15,5) NULL      ,
										  BETA100110                           NUMERIC                            (15,5) NULL      ,
										  BETA110120                           NUMERIC                            (15,5) NULL      );

ALTER TABLE IEB_PRO.T_VOLATILIDADES_H01
	ADD CONSTRAINT FK_T_V_H_H01 FOREIGN KEY(ID_SUBYACENTE) REFERENCES IEB_PRO.T_SUBYACENTES(ID_SUBYACENTE);

ALTER TABLE IEB_PRO.T_VOLATILIDADES_H01
	ADD CONSTRAINT FK_VOL_H01 FOREIGN KEY (ID_SUBYACENTE, F_HISTO_VOL_H01) REFERENCES IEB_PRO.T_SUBYACENTES_HISTO_H01 (ID_SUBYACENTE, F_HISTO_SUBY_H01);
	
CREATE INDEX IND_VOL_FIL_H01 ON IEB_PRO.T_VOLATILIDADES_H01 (ID_SUBYACENTE, F_HISTO_VOL_H01);
 /*--------------------------------------------------------------------------------------------*/
CREATE TABLE IEB_PRO.T_VOLATILIDADES_D01 (ID_SUBYACENTE                           INT								 NOT NULL,
										  F_HISTO_VOL_D01                         DATETIME                              NOT NULL,
										  VENCIMIENTO                             DATETIME                              NOT NULL,
										  UNIQUE INDEX (ID_SUBYACENTE, F_HISTO_VOL_D01, VENCIMIENTO),
										  ATM                                  NUMERIC                            (15,5) NULL      ,
										  VOL80                                NUMERIC                            (7, 3) NULL      ,
										  VOL85                                NUMERIC							  (7, 3) NULL      ,
										  VOL90                                NUMERIC                            (7, 3) NULL      ,
										  VOL95                                NUMERIC							  (7, 3) NULL      ,
										  VOL100                               NUMERIC                            (7, 3) NULL      ,
										  VOL105                                NUMERIC							  (7, 3) NULL      ,
										  VOL110                               NUMERIC                            (7, 3) NULL      ,
										  VOL115                                NUMERIC							  (7, 3) NULL      ,
										  VOL120                               NUMERIC                            (7, 3) NULL      ,
										  TASA_R                               NUMERIC                            (7, 3) NULL	   ,
										  BETA8090                             NUMERIC                            (15,5) NULL      ,
										  BETA90100                            NUMERIC                            (15,5) NULL      ,
										  BETA100110                           NUMERIC                            (15,5) NULL      ,
										  BETA110120                           NUMERIC                            (15,5) NULL      );

ALTER TABLE IEB_PRO.T_VOLATILIDADES_D01
	ADD CONSTRAINT FK_T_V_H_D01 FOREIGN KEY(ID_SUBYACENTE) REFERENCES IEB_PRO.T_SUBYACENTES(ID_SUBYACENTE);

ALTER TABLE IEB_PRO.T_VOLATILIDADES_D01
	ADD CONSTRAINT FK_VOL_D01 FOREIGN KEY (ID_SUBYACENTE, F_HISTO_VOL_D01) REFERENCES IEB_PRO.T_SUBYACENTES_HISTO_D01 (ID_SUBYACENTE, F_HISTO_SUBY_D01);
	
CREATE INDEX IND_VOL_FIL_D01 ON IEB_PRO.T_VOLATILIDADES_D01 (ID_SUBYACENTE, F_HISTO_VOL_D01);
 /*--------------------------------------------------------------------------------------------*/

CREATE TABLE IEB_PRO.T_HOUR_RATE(ID_SUBYACENTE        INT         NOT NULL,
								  FEC_ACTUAL           VARCHAR(10)  NOT NULL,
								  FEC_VTO              VARCHAR(10) NOT NULL,
								  RATE                 NUMERIC(7,3)   NOT NULL);
	
ALTER TABLE IEB_PRO.T_HOUR_RATE
	ADD CONSTRAINT FK_T_HOUR_RATE_1 FOREIGN KEY(ID_SUBYACENTE) REFERENCES IEB_PRO.T_SUBYACENTES(ID_SUBYACENTE);

CREATE INDEX IND_T_DAY_RATE_1 ON IEB_PRO.T_HOUR_RATE(ID_SUBYACENTE, FEC_ACTUAL, FEC_VTO);

 /*--------------------------------------------------------------------------------------------*/
CREATE TABLE IEB_PRO.T_FUTUROS_D01(ID_SUBYACENTE      INT         	NOT NULL,
								   F_HISTO_FUT_D01    DATETIME    	NOT NULL,
								   P_HISTO_FUT_D01    NUMERIC(15,5) NOT NULL);

ALTER TABLE IEB_PRO.T_FUTUROS_D01
	ADD CONSTRAINT FK_FUT_D01 FOREIGN KEY (ID_SUBYACENTE) REFERENCES IEB_PRO.T_SUBYACENTES(ID_SUBYACENTE);
	
ALTER TABLE IEB_PRO.T_FUTUROS_D01
	ADD CONSTRAINT UK_FUT_D01 UNIQUE KEY (ID_SUBYACENTE, F_HISTO_FUT_D01);
 /*--------------------------------------------------------------------------------------------*/
CREATE TABLE IEB_PRO.T_FUTUROS_H01(ID_SUBYACENTE      INT         	NOT NULL,
								   F_HISTO_FUT_H01    DATETIME    	NOT NULL,
								   P_HISTO_FUT_H01    NUMERIC(15,5) NOT NULL);

ALTER TABLE IEB_PRO.T_FUTUROS_H01
	ADD CONSTRAINT FK_FUT_H01 FOREIGN KEY (ID_SUBYACENTE) REFERENCES IEB_PRO.T_SUBYACENTES(ID_SUBYACENTE);
	
ALTER TABLE IEB_PRO.T_FUTUROS_H01
	ADD CONSTRAINT UK_FUT_H01 UNIQUE KEY (ID_SUBYACENTE, F_HISTO_FUT_H01);
 /*--------------------------------------------------------------------------------------------*/
CREATE TABLE IEB_PRO.T_FUTUROS_M10(ID_SUBYACENTE      INT         	NOT NULL,
								   F_HISTO_FUT_M10    DATETIME    	NOT NULL,
								   P_HISTO_FUT_M10    NUMERIC(15,5) NOT NULL);

ALTER TABLE IEB_PRO.T_FUTUROS_M10
	ADD CONSTRAINT FK_FUT_M10 FOREIGN KEY (ID_SUBYACENTE) REFERENCES IEB_PRO.T_SUBYACENTES(ID_SUBYACENTE);
	
ALTER TABLE IEB_PRO.T_FUTUROS_M10
	ADD CONSTRAINT UK_FUT_M10 UNIQUE KEY (ID_SUBYACENTE, F_HISTO_FUT_M10);
 /*--------------------------------------------------------------------------------------------*/

 DROP   TABLE IEB_PRO.T_RELA_OPT_FUT;
CREATE TABLE IEB_PRO.T_RELA_OPT_FUT(ID_FUTURO INT NOT NULL,
								  ID_OPCION INT NOT NULL);
							  
 ALTER TABLE IEB_PRO.T_RELA_OPT_FUT
	ADD CONSTRAINT FK_T_RELA_OPT_FUT_1 FOREIGN KEY (ID_FUTURO) REFERENCES IEB_PRO.T_SUBYACENTES(ID_SUBYACENTE);
 ALTER TABLE IEB_PRO.T_RELA_OPT_FUT
	ADD CONSTRAINT FK_T_RELA_OPT_FUT_2 FOREIGN KEY (ID_OPCION) REFERENCES IEB_PRO.T_SUBYACENTES(ID_SUBYACENTE);
ALTER TABLE IEB_PRO.T_RELA_OPT_FUT
	ADD CONSTRAINT PK_T_RELA_OPT_FUT PRIMARY KEY (ID_FUTURO, ID_OPCION);


INSERT INTO IEB_PRO.T_RELA_OPT_FUT VALUES (20066, 30017);
INSERT INTO IEB_PRO.T_RELA_OPT_FUT VALUES (20091, 30067);
INSERT INTO IEB_PRO.T_RELA_OPT_FUT VALUES (20053, 30047);
INSERT INTO IEB_PRO.T_RELA_OPT_FUT VALUES (20044, 30038);
INSERT INTO IEB_PRO.T_RELA_OPT_FUT VALUES (20051, 30045);
INSERT INTO IEB_PRO.T_RELA_OPT_FUT VALUES (20052, 30046);
INSERT INTO IEB_PRO.T_RELA_OPT_FUT VALUES (20013, 30012);
INSERT INTO IEB_PRO.T_RELA_OPT_FUT VALUES (20016, 30015);
INSERT INTO IEB_PRO.T_RELA_OPT_FUT VALUES (20042, 30036);
INSERT INTO IEB_PRO.T_RELA_OPT_FUT VALUES (20043, 30037);
INSERT INTO IEB_PRO.T_RELA_OPT_FUT VALUES (20038, 30032);
INSERT INTO IEB_PRO.T_RELA_OPT_FUT VALUES (20035, 30029);
INSERT INTO IEB_PRO.T_RELA_OPT_FUT VALUES (20039, 30033);
INSERT INTO IEB_PRO.T_RELA_OPT_FUT VALUES (20056, 30050);
INSERT INTO IEB_PRO.T_RELA_OPT_FUT VALUES (20058, 30052);
INSERT INTO IEB_PRO.T_RELA_OPT_FUT VALUES (20011, 30010);
INSERT INTO IEB_PRO.T_RELA_OPT_FUT VALUES (20079, 30056);
INSERT INTO IEB_PRO.T_RELA_OPT_FUT VALUES (20061, 30019);
INSERT INTO IEB_PRO.T_RELA_OPT_FUT VALUES (20059, 30053);
INSERT INTO IEB_PRO.T_RELA_OPT_FUT VALUES (20080, 30055);
INSERT INTO IEB_PRO.T_RELA_OPT_FUT VALUES (20045, 30039);
INSERT INTO IEB_PRO.T_RELA_OPT_FUT VALUES (20031, 30013);
INSERT INTO IEB_PRO.T_RELA_OPT_FUT VALUES (20003, 30002);
INSERT INTO IEB_PRO.T_RELA_OPT_FUT VALUES (20004, 30003);
INSERT INTO IEB_PRO.T_RELA_OPT_FUT VALUES (20005, 30004);
INSERT INTO IEB_PRO.T_RELA_OPT_FUT VALUES (20089, 30064);
INSERT INTO IEB_PRO.T_RELA_OPT_FUT VALUES (20032, 30027);
INSERT INTO IEB_PRO.T_RELA_OPT_FUT VALUES (20069, 30022);
INSERT INTO IEB_PRO.T_RELA_OPT_FUT VALUES (20041, 30035);
INSERT INTO IEB_PRO.T_RELA_OPT_FUT VALUES (20049, 30043);
INSERT INTO IEB_PRO.T_RELA_OPT_FUT VALUES (20047, 30041);
INSERT INTO IEB_PRO.T_RELA_OPT_FUT VALUES (20092, 30068);
INSERT INTO IEB_PRO.T_RELA_OPT_FUT VALUES (20057, 30051);
INSERT INTO IEB_PRO.T_RELA_OPT_FUT VALUES (20012, 30011);
INSERT INTO IEB_PRO.T_RELA_OPT_FUT VALUES (20054, 30048);
INSERT INTO IEB_PRO.T_RELA_OPT_FUT VALUES (20060, 30054);
INSERT INTO IEB_PRO.T_RELA_OPT_FUT VALUES (20082, 30058);
INSERT INTO IEB_PRO.T_RELA_OPT_FUT VALUES (20048, 30042);
INSERT INTO IEB_PRO.T_RELA_OPT_FUT VALUES (20040, 30034);
INSERT INTO IEB_PRO.T_RELA_OPT_FUT VALUES (20010, 30009);
INSERT INTO IEB_PRO.T_RELA_OPT_FUT VALUES (20055, 30049);
INSERT INTO IEB_PRO.T_RELA_OPT_FUT VALUES (20046, 30040);
INSERT INTO IEB_PRO.T_RELA_OPT_FUT VALUES (20036, 30030);
INSERT INTO IEB_PRO.T_RELA_OPT_FUT VALUES (20071, 30061);
INSERT INTO IEB_PRO.T_RELA_OPT_FUT VALUES (20070, 30059);
INSERT INTO IEB_PRO.T_RELA_OPT_FUT VALUES (20006, 30060);
INSERT INTO IEB_PRO.T_RELA_OPT_FUT VALUES (20001, 30001);
	
 /*--------------------------------------------------------------------------------------------*/


 
 
DROP TABLE IEB_PRO.T_ORDENES_OPCIONES;
DROP TABLE IEB_PRO.T_BENEFICIO_OPCIONES;
DROP TABLE IEB_PRO.T_OPCIONES_CARTERA;
 
CREATE TABLE IEB_PRO.T_OPCIONES_CARTERA(ID_OPCION    INT NOT NULL,
							    /*ID_OPCION    INT  UNSIGNED NOT NULL   AUTO_INCREMENT,*/
								PRIMARY KEY (ID_OPCION),
								ID_SUBYACENTE INT          NOT NULL,
								NOMBRE       VARCHAR(100)  NOT NULL,
								TIPO         VARCHAR(4)    NOT NULL,
								STRIKE       NUMERIC(15,5) NOT NULL,
								VENCIMIENTO  DATETIME      NOT NULL);

ALTER TABLE IEB_PRO.T_OPCIONES_CARTERA
	ADD CONSTRAINT UK_T_OPCIONES UNIQUE KEY(NOMBRE, TIPO, STRIKE, VENCIMIENTO);

ALTER TABLE IEB_PRO.T_OPCIONES_CARTERA
	ADD CONSTRAINT UK_T_OPCIONES_2 UNIQUE KEY(ID_SUBYACENTE, TIPO, STRIKE, VENCIMIENTO);
	
ALTER TABLE IEB_PRO.T_OPCIONES_CARTERA
	ADD CONSTRAINT FK_T_ORD_CARTERA FOREIGN KEY (ID_SUBYACENTE) REFERENCES IEB_PRO.T_SUBYACENTES(ID_SUBYACENTE);
	
CREATE INDEX IND_T_OPCIONES_1 ON IEB_PRO.T_OPCIONES_CARTERA(NOMBRE);

CREATE INDEX IND_T_OPCIONES_2 ON IEB_PRO.T_OPCIONES_CARTERA(NOMBRE, VENCIMIENTO);

 /*--------------------------------------------------------------------------------------------*/
DROP TABLE IEB_PRO.T_ORDENES_OPCIONES;
 
CREATE TABLE IEB_PRO.T_ORDENES_OPCIONES(ID_MOVIMIENTO  INT             NOT NULL,
										ID_OPCION      INT             NOT NULL,
										FEC_ORDEN      DATETIME        NOT NULL,
										TITULOS        INT             NOT NULL,
										PRECIO_ORDEN   NUMERIC(15,5)   NOT NULL,
										TIPO_CAMBIO    NUMERIC(15,5)   NOT NULL,
										SUBYACENTE     NUMERIC(15,5)   NOT NULL,
										VOLATILIDAD    NUMERIC(7,3)    NOT NULL,
										TASA_R         NUMERIC(7,3)    NOT NULL,
										TITULOS_NETOS  INT             NOT NULL);


CREATE INDEX IND_T_ORD_OPCIONES_1 ON IEB_PRO.T_ORDENES_OPCIONES(FEC_ORDEN);

ALTER TABLE IEB_PRO.T_ORDENES_OPCIONES
	ADD CONSTRAINT PK_T_ORD_OPCIONES PRIMARY KEY (ID_MOVIMIENTO);

ALTER TABLE IEB_PRO.T_ORDENES_OPCIONES
	ADD CONSTRAINT UK_T_ORD_OPCIONES UNIQUE KEY(ID_OPCION, FEC_ORDEN, TITULOS, PRECIO_ORDEN, TIPO_CAMBIO, VOLATILIDAD, TASA_R);

ALTER TABLE IEB_PRO.T_ORDENES_OPCIONES
	ADD CONSTRAINT FK_T_ORD_OPCIONES FOREIGN KEY (ID_OPCION) REFERENCES IEB_PRO.T_OPCIONES_CARTERA(ID_OPCION);
	
 /*--------------------------------------------------------------------------------------------*/
DROP TABLE IEB_PRO.T_STOCK_OPCIONES;

 CREATE TABLE IEB_PRO.T_STOCK_OPCIONES( ID_POSICION      INT NOT NULL,
										ID_OPCION        INT NOT NULL,
										TITULOS          INT NOT NULL,
										PRECIO_ORDEN     NUMERIC(15,5) NOT NULL,
										TIPO_CAMBIO      NUMERIC(15,5) NOT NULL,
										FECHA_POSICION   DATETIME NOT NULL,
										COMPRA_VENTA     VARCHAR(1) NOT NULL);

ALTER TABLE IEB_PRO.T_STOCK_OPCIONES
	ADD CONSTRAINT PK_T_sTO_OPCIONES PRIMARY KEY (ID_POSICION);
	
ALTER TABLE IEB_PRO.T_STOCK_OPCIONES
	ADD CONSTRAINT UK_STO_OPC UNIQUE KEY (ID_OPCION, TITULOS, PRECIO_ORDEN, TIPO_CAMBIO, FECHA_POSICION, COMPRA_VENTA);

CREATE INDEX IND_STO_OPC_1 ON IEB_PRO.T_STOCK_OPCIONES (ID_OPCION,COMPRA_VENTA, FECHA_POSICION);

CREATE INDEX IND_STO_OPC_2 ON IEB_PRO.T_STOCK_OPCIONES(TITULOS);	
	
 /*--------------------------------------------------------------------------------------------*/
DROP TABLE IEB_PRO.T_BENEFICIO_OPCIONES;

 CREATE TABLE IEB_PRO.T_BENEFICIO_OPCIONES(ID_BENEFICIO INT NOT NULL,
										   ID_OPCION     INT NOT NULL,
										   F_APERTURA    DATETIME NOT NULL,
										   F_CIERRE      DATETIME NOT NULL,
										   P_COMPRA      NUMERIC(15,5) NOT NULL,
										   TIPO_CAMBIO_COMPRA     NUMERIC(15,5) NOT NULL,
										   P_VENTA       NUMERIC(15,5) NOT NULL,
										   TIPO_CAMBIO_VENTA     NUMERIC(15,5) NOT NULL,
										   TITULOS       INT NOT NULL,
										   COMPRA_VENTA  VARCHAR(1) NOT NULL,
										   BENEFICIO_DIVISA NUMERIC(15,5),
										   BENEFICIO_EUROS NUMERIC(15,5));

ALTER TABLE IEB_PRO.T_BENEFICIO_OPCIONES
	ADD CONSTRAINT PK_T_BO_OPCIONES PRIMARY KEY (ID_BENEFICIO);										   
	
ALTER TABLE IEB_PRO.T_BENEFICIO_OPCIONES
	ADD CONSTRAINT FK_T_BEN_OPCIONES FOREIGN KEY (ID_OPCION) REFERENCES IEB_PRO.T_OPCIONES_CARTERA(ID_OPCION);	

	
 /*--------------------------------------------------------------------------------------------*/
  /*--------------------------------------------------------------------------------------------*/
   /*--------------------------------------------------------------------------------------------*/
    /*--------------------------------------------------------------------------------------------*/
	 /*--------------------------------------------------------------------------------------------*/

TRUNCATE TABLE IEB_PRO.TABLA_TRAZAS;
DROP TABLE IEB_PRO.T_ORDENES_FUTUROS;
DROP TABLE IEB_PRO.T_BENEFICIO_FUTUROS;
DROP TABLE IEB_PRO.T_STOCK_FUTUROS;
DROP TABLE IEB_PRO.T_FUTUROS_CARTERA;	

/*--------------------------------------------------------------------------------------------*/
CREATE TABLE IEB_PRO.T_FUTUROS_CARTERA(ID_FUTURO      INT        NOT NULL,
									   ID_SUBYACENTE  INT        NOT NULL,
									   NOMBRE         VARCHAR(100) NOT NULL,
									   VENCIMIENTO    DATETIME   NOT NULL);

ALTER TABLE IEB_PRO.T_FUTUROS_CARTERA
	ADD CONSTRAINT PK_T_FUT_CARTERA PRIMARY KEY (ID_FUTURO);										   
	
ALTER TABLE IEB_PRO.T_BENEFICIO_OPCIONES
	ADD CONSTRAINT FK_T_FUT_CARTERA FOREIGN KEY (ID_SUBYACENTE) REFERENCES IEB_PRO.T_SUBYACENTES(ID_SUBYACENTE);	

CREATE INDEX IND_T_FUT_CARTERA ON IEB_PRO.T_FUTUROS_CARTERA(ID_SUBYACENTE, VENCIMIENTO);

/*--------------------------------------------------------------------------------------------*/
CREATE TABLE IEB_PRO.T_ORDENES_FUTUROS(ID_MOVIMIENTO  INT             NOT NULL,
									   ID_FUTURO      INT             NOT NULL,
									   FEC_ORDEN      DATETIME        NOT NULL,
									   TITULOS        INT             NOT NULL,
									   PRECIO_ORDEN   NUMERIC(15,5)   NOT NULL,
									   TIPO_CAMBIO    NUMERIC(15,5)   NOT NULL,
									   TITULOS_NETOS  INT             NOT NULL);	

ALTER TABLE IEB_PRO.T_ORDENES_FUTUROS
	ADD CONSTRAINT PK_T_ORD_FUT PRIMARY KEY (ID_MOVIMIENTO);										   
	
ALTER TABLE IEB_PRO.T_ORDENES_FUTUROS
	ADD CONSTRAINT FK_T_ORD_FUT FOREIGN KEY (ID_FUTURO) REFERENCES IEB_PRO.T_FUTUROS_CARTERA(ID_FUTURO);	

ALTER TABLE IEB_PRO.T_ORDENES_FUTUROS
	ADD CONSTRAINT UK_T_ORD_FUT UNIQUE KEY (ID_FUTURO, FEC_ORDEN, TITULOS, PRECIO_ORDEN);
	
CREATE INDEX IND_T_FUT_ORD_1 ON IEB_PRO.T_ORDENES_FUTUROS(ID_FUTURO);

CREATE INDEX IND_T_FUT_ORD_2 ON IEB_PRO.T_ORDENES_FUTUROS(ID_FUTURO, FEC_ORDEN);	
	
 /*--------------------------------------------------------------------------------------------*/
DROP TABLE IEB_PRO.T_STOCK_FUTUROS;

 CREATE TABLE IEB_PRO.T_STOCK_FUTUROS(  ID_POSICION      INT NOT NULL,
										ID_FUTURO        INT NOT NULL,
										TITULOS          INT NOT NULL,
										PRECIO_ORDEN     NUMERIC(15,5) NOT NULL,
										TIPO_CAMBIO      NUMERIC(15,5) NOT NULL,
										FECHA_POSICION   DATETIME NOT NULL,
										COMPRA_VENTA     VARCHAR(1) NOT NULL);

ALTER TABLE IEB_PRO.T_STOCK_FUTUROS
	ADD CONSTRAINT PK_T_STOCK_FUTUROS PRIMARY KEY (ID_POSICION);
	
ALTER TABLE IEB_PRO.T_STOCK_FUTUROS
	ADD CONSTRAINT UK_STO_FUT UNIQUE KEY (ID_FUTURO, TITULOS, PRECIO_ORDEN, TIPO_CAMBIO, FECHA_POSICION, COMPRA_VENTA);

CREATE INDEX IND_STO_FUT_1 ON IEB_PRO.T_STOCK_FUTUROS (ID_FUTURO,COMPRA_VENTA, FECHA_POSICION);

CREATE INDEX IND_STO_FUT_2 ON IEB_PRO.T_STOCK_FUTUROS(TITULOS);	
		
 /*--------------------------------------------------------------------------------------------*/
DROP TABLE IEB_PRO.T_BENEFICIO_FUTUROS;

 CREATE TABLE IEB_PRO.T_BENEFICIO_FUTUROS( ID_BENEFICIO  INT NOT NULL,
										   ID_FUTURO     INT NOT NULL,
										   F_APERTURA    DATETIME NOT NULL,
										   F_CIERRE      DATETIME NOT NULL,
										   P_COMPRA      NUMERIC(15,5) NOT NULL,
										   TIPO_CAMBIO_COMPRA     NUMERIC(15,5) NOT NULL,
										   P_VENTA       NUMERIC(15,5) NOT NULL,
										   TIPO_CAMBIO_VENTA     NUMERIC(15,5) NOT NULL,
										   TITULOS       INT NOT NULL,
										   COMPRA_VENTA  VARCHAR(1) NOT NULL);

ALTER TABLE IEB_PRO.T_BENEFICIO_FUTUROS
	ADD CONSTRAINT PK_T_BO_FUTUROS PRIMARY KEY (ID_BENEFICIO);										   
	
ALTER TABLE IEB_PRO.T_BENEFICIO_FUTUROS
	ADD CONSTRAINT FK_T_BEN_FUTUROS FOREIGN KEY (ID_FUTURO) REFERENCES IEB_PRO.T_FUTUROS_CARTERA(ID_FUTURO);		
	
CREATE INDEX IND_T_BEN_FUTUROS_1 ON IEB_PRO.T_BENEFICIO_FUTUROS(F_CIERRE);

/*--------------------------------------------------------------------------------------------*/


DROP TABLE IEB_PRO.T_HISTORICOS_VOLATILIDADES;

CREATE TABLE IEB_PRO.T_HISTORICOS_VOLATILIDADES(ID_SUBYACENTE    INT           NOT NULL,
												FECHA            DATE          NOT NULL,	
												VOLA_VTO_1       NUMERIC(15,5) NOT NULL,	
												VOLA_VTO_2       NUMERIC(15,5) NOT NULL,	
												VOLA_VTO_3       NUMERIC(15,5) NOT NULL,	
												VOLA_VTO_4       NUMERIC(15,5) NOT NULL,	
												VOLA_VTO_5       NUMERIC(15,5) NOT NULL,	
												VOLA_VTO_6       NUMERIC(15,5) NOT NULL,
												F_VTO_1          DATE          NOT NULL,
												F_VTO_2          DATE          NOT NULL,
												F_VTO_3          DATE          NOT NULL,
												F_VTO_4          DATE          NOT NULL,
												F_VTO_5          DATE          NOT NULL,
												F_VTO_6          DATE          NOT NULL);
	
	
ALTER TABLE IEB_PRO.T_HISTORICOS_VOLATILIDADES
	ADD CONSTRAINT UK_T_H_VOL UNIQUE KEY (ID_SUBYACENTE, FECHA);

ALTER TABLE IEB_PRO.T_HISTORICOS_VOLATILIDADES
	ADD CONSTRAINT FK_T_H_VOL FOREIGN KEY (ID_SUBYACENTE) REFERENCES IEB_PRO.T_SUBYACENTES(ID_SUBYACENTE);



/*--------------------------------------------------------------------------------------------*/

DROP TABLE IEB_PRO.T_HISTORICOS_SUBYACENTES;

CREATE TABLE IEB_PRO.T_HISTORICOS_SUBYACENTES(ID_SUBYACENTE    INT           NOT NULL,
											  FECHA            DATE          NOT NULL,	
											  P_CLOSE          NUMERIC(15,5) NOT NULL);
	
	
ALTER TABLE IEB_PRO.T_HISTORICOS_SUBYACENTES
	ADD CONSTRAINT UK_T_H_SUB UNIQUE KEY (ID_SUBYACENTE, FECHA);

ALTER TABLE IEB_PRO.T_HISTORICOS_SUBYACENTES
	ADD CONSTRAINT FK_T_H_SUB FOREIGN KEY (ID_SUBYACENTE) REFERENCES IEB_PRO.T_SUBYACENTES(ID_SUBYACENTE);

/*--------------------------------------------------------------------------------------------*/

DROP TABLE IEB_PRO.T_HISTORICOS_COMPLETA;

CREATE TABLE IEB_PRO.T_HISTORICOS_COMPLETA(ID_SUBYACENTE    INT           NOT NULL,
											  FECHA         DATE          NOT NULL,	
											  P_OPEN        NUMERIC(15,5) NOT NULL,	
											  P_HIGH        NUMERIC(15,5) NOT NULL,	
											  P_LOW         NUMERIC(15,5) NOT NULL,	
											  P_CLOSE       NUMERIC(15,5) NOT NULL,	
											  P_ADJ_CLOSE   NUMERIC(15,5) NOT NULL,	
											  VOLUMEN       NUMERIC(13,0) NOT NULL,	
											  DIVIDEND      NUMERIC(11,5) NOT NULL,	
											  SPLIT_COF     NUMERIC(2,0)  NOT NULL);
	
	
ALTER TABLE IEB_PRO.T_HISTORICOS_COMPLETA
	ADD CONSTRAINT PK_T_HISTORICOS_COMPLETA PRIMARY KEY (ID_SUBYACENTE, FECHA);

ALTER TABLE IEB_PRO.T_HISTORICOS_COMPLETA
	ADD CONSTRAINT FK_T_HISTORICOS_COMPLETA FOREIGN KEY (ID_SUBYACENTE) REFERENCES IEB_PRO.T_SUBYACENTES(ID_SUBYACENTE);

CREATE INDEX IND_T_HISTORICOS_COMPLETA_1 ON IEB_PRO.T_HISTORICOS_COMPLETA (ID_SUBYACENTE, FECHA, P_HIGH);
CREATE INDEX IND_T_HISTORICOS_COMPLETA_2 ON IEB_PRO.T_HISTORICOS_COMPLETA (ID_SUBYACENTE, FECHA, P_LOW);
CREATE INDEX IND_T_HISTORICOS_COMPLETA_3 ON IEB_PRO.T_HISTORICOS_COMPLETA (ID_SUBYACENTE, P_HIGH, FECHA);
CREATE INDEX IND_T_HISTORICOS_COMPLETA_4 ON IEB_PRO.T_HISTORICOS_COMPLETA (ID_SUBYACENTE, P_LOW, FECHA);
CREATE INDEX IND_T_HISTORICOS_COMPLETA_5 ON IEB_PRO.T_HISTORICOS_COMPLETA (ID_SUBYACENTE, FECHA, P_ADJ_CLOSE);
CREATE INDEX IND_T_HISTORICOS_COMPLETA_6 ON IEB_PRO.T_HISTORICOS_COMPLETA (ID_SUBYACENTE, P_ADJ_CLOSE);
CREATE INDEX IND_T_HISTORICOS_COMPLETA_7 ON IEB_PRO.T_HISTORICOS_COMPLETA (ID_SUBYACENTE, P_HIGH);
CREATE INDEX IND_T_HISTORICOS_COMPLETA_8 ON IEB_PRO.T_HISTORICOS_COMPLETA (ID_SUBYACENTE, P_LOW);

/*--------------------------------------------------------------------------------------------*/ 

DROP TABLE IEB_PRO.T_ES_INVESTING;

CREATE TABLE IEB_PRO.T_ES_INVESTING(ID_SUBYACENTE       INT             NOT NULL,
									NOMBRE_ES_INV       VARCHAR(100)    NOT NULL,
									LINK_ES_INV         VARCHAR(200)    NOT NULL,
									NOMBRE_BBDD         VARCHAR(100)    NOT NULL);
									
ALTER TABLE IEB_PRO.T_ES_INVESTING
	ADD CONSTRAINT FK_T_H_SUB_ES_IV FOREIGN KEY (ID_SUBYACENTE) REFERENCES IEB_PRO.T_SUBYACENTES(ID_SUBYACENTE);		

ALTER TABLE IEB_PRO.T_ES_INVESTING
	ADD CONSTRAINT PK_T_H_SUB_ES_IV PRIMARY KEY (ID_SUBYACENTE);

CREATE INDEX IND_T_H_SUB_ES_IV_1 ON IEB_PRO.T_ES_INVESTING (NOMBRE_BBDD);

CREATE INDEX IND_T_H_SUB_ES_IV_2 ON IEB_PRO.T_ES_INVESTING (NOMBRE_ES_INV);

INSERT INTO IEB_PRO.T_ES_INVESTING VALUES (20001, 'IBEX 35', 'https://es.investing.com/indices/spain-35-historical-data', 'IBEX35');	

INSERT INTO IEB_PRO.T_ES_INVESTING VALUES (20005, 'Euro Stoxx 50', 'https://es.investing.com/indices/eu-stoxx50-historical-data', 'ÍNDICE EUROSTOXX 50');	

INSERT INTO IEB_PRO.T_ES_INVESTING VALUES (20004, 'DAX', 'https://es.investing.com/indices/germany-30-historical-data', 'Índice Dax 30');	

INSERT INTO IEB_PRO.T_ES_INVESTING VALUES (20003, 'CAC 40', 'https://es.investing.com/indices/france-40-historical-data' , 'Índice Cac 40');

INSERT INTO IEB_PRO.T_ES_INVESTING VALUES (20010, 'TEF', 'https://es.investing.com/equities/telefonica-historical-data', 'Telefónica');

INSERT INTO IEB_PRO.T_ES_INVESTING VALUES (20012, 'REP', 'https://es.investing.com/equities/repsol-ypf-historical-data', 'Repsol');

INSERT INTO IEB_PRO.T_ES_INVESTING VALUES (20013, 'BBVA', 'https://es.investing.com/equities/bbva-historical-data', 'Banco Bbva');

INSERT INTO IEB_PRO.T_ES_INVESTING VALUES (20031, 'IBE', 'https://es.investing.com/equities/iberdrola-historical-data', 'Iberdrola');

INSERT INTO IEB_PRO.T_ES_INVESTING VALUES (20016, 'SAN', 'https://es.investing.com/equities/banco-santander-historical-data', 'Banco Santander');

INSERT INTO IEB_PRO.T_ES_INVESTING VALUES (20032, 'ITX', 'https://es.investing.com/equities/inditex-historical-data', 'Inditex');

INSERT INTO IEB_PRO.T_ES_INVESTING VALUES (20035, 'DAIGn', 'https://es.investing.com/equities/daimler-historical-data', 'Daimler');

INSERT INTO IEB_PRO.T_ES_INVESTING VALUES (20036, 'VOWG', 'https://es.investing.com/equities/volkswagen-ag-historical-data', 'Volkswagen');

INSERT INTO IEB_PRO.T_ES_INVESTING VALUES (20038, 'BNPP', 'https://es.investing.com/equities/bnp-paribas-historical-data', 'BNP Paribas');

INSERT INTO IEB_PRO.T_ES_INVESTING VALUES (20039, 'DBKGn','https://es.investing.com/equities/deutsche-bank-historical-data', 'Deutsche Bank');

INSERT INTO IEB_PRO.T_ES_INVESTING VALUES (20040, 'SOGN', 'https://es.investing.com/equities/societe-generale-historical-data', 'Societe Generale');

INSERT INTO IEB_PRO.T_ES_INVESTING VALUES (20042, 'BASFn', 'https://es.investing.com/equities/basf-ag-historical-data', 'BASF');

INSERT INTO IEB_PRO.T_ES_INVESTING VALUES (20043, 'BAYGn', 'https://es.investing.com/equities/bayer-ag-historical-data', 'Bayer');

INSERT INTO IEB_PRO.T_ES_INVESTING VALUES (20044, 'AIRP', 'https://es.investing.com/equities/air-liquide-historical-data', 'Air Liquide');

INSERT INTO IEB_PRO.T_ES_INVESTING VALUES (20045, 'DANO', 'https://es.investing.com/equities/danone-historical-data', 'Groupe Danone');

INSERT INTO IEB_PRO.T_ES_INVESTING VALUES (20046, 'UNc', 'https://es.investing.com/equities/unilever-cert-historical-data', 'Unilever');

INSERT INTO IEB_PRO.T_ES_INVESTING VALUES (20048, 'SIEGn', 'https://es.investing.com/equities/siemens-historical-data', 'Siemens');

INSERT INTO IEB_PRO.T_ES_INVESTING VALUES (20049, 'PHG', 'https://es.investing.com/equities/philips-kon-historical-data', 'Koninklije Philips');

INSERT INTO IEB_PRO.T_ES_INVESTING VALUES (20051, 'ALVG', 'https://es.investing.com/equities/allianz-ag-historical-data', 'Allianz');

INSERT INTO IEB_PRO.T_ES_INVESTING VALUES (20052, 'AXAF', 'https://es.investing.com/equities/axa-historical-data', 'AXA');





/*--------------------------------------------------------------------------------------------*/ 

DROP TABLE IEB_PRO.T_ALPHAVANTAGE;

CREATE TABLE IEB_PRO.T_ALPHAVANTAGE(ID_SUBYACENTE       INT             NOT NULL,
									TICKER              VARCHAR(100)    NOT NULL);
									
ALTER TABLE IEB_PRO.T_ALPHAVANTAGE
	ADD CONSTRAINT FK_T_ALPHAVANTAGE FOREIGN KEY (ID_SUBYACENTE) REFERENCES IEB_PRO.T_SUBYACENTES(ID_SUBYACENTE);		

ALTER TABLE IEB_PRO.T_ALPHAVANTAGE
	ADD CONSTRAINT PK_T_ALPHAVANTAGE PRIMARY KEY (ID_SUBYACENTE);

CREATE INDEX IND_T_ALPHAVANTAGE ON IEB_PRO.T_ALPHAVANTAGE (TICKER);

CREATE INDEX IND_T_ALPHAVANTAGE_2 ON IEB_PRO.T_ALPHAVANTAGE (ID_SUBYACENTE, TICKER);

INSERT INTO IEB_PRO.T_ALPHAVANTAGE VALUES (20001, '^IBEX');
INSERT INTO IEB_PRO.T_ALPHAVANTAGE VALUES (20003, '^FCHI');
INSERT INTO IEB_PRO.T_ALPHAVANTAGE VALUES (20004, '^GDAXI');
INSERT INTO IEB_PRO.T_ALPHAVANTAGE VALUES (20005, '^STOXX50E');
INSERT INTO IEB_PRO.T_ALPHAVANTAGE VALUES (20006, '^DJI');
INSERT INTO IEB_PRO.T_ALPHAVANTAGE VALUES (20007, '^GSPC');
INSERT INTO IEB_PRO.T_ALPHAVANTAGE VALUES (20008, '^IXIC');
INSERT INTO IEB_PRO.T_ALPHAVANTAGE VALUES (20010, 'TEF.MC');
INSERT INTO IEB_PRO.T_ALPHAVANTAGE VALUES (20012, 'REP.MC');
INSERT INTO IEB_PRO.T_ALPHAVANTAGE VALUES (20013, 'BBVA.MC');
INSERT INTO IEB_PRO.T_ALPHAVANTAGE VALUES (20016, 'SAN.MC');
INSERT INTO IEB_PRO.T_ALPHAVANTAGE VALUES (20031, 'IBE.MC');
INSERT INTO IEB_PRO.T_ALPHAVANTAGE VALUES (20032, 'ITX.MC');
INSERT INTO IEB_PRO.T_ALPHAVANTAGE VALUES (20035, 'DAI.DE');
INSERT INTO IEB_PRO.T_ALPHAVANTAGE VALUES (20036, 'VOW3.DE');
INSERT INTO IEB_PRO.T_ALPHAVANTAGE VALUES (20038, 'BNP.PA');
INSERT INTO IEB_PRO.T_ALPHAVANTAGE VALUES (20039, 'DBK.DE');
INSERT INTO IEB_PRO.T_ALPHAVANTAGE VALUES (20040, 'GLE.PA');
INSERT INTO IEB_PRO.T_ALPHAVANTAGE VALUES (20042, 'BAS.DE');
INSERT INTO IEB_PRO.T_ALPHAVANTAGE VALUES (20043, 'BAYN.DE');
INSERT INTO IEB_PRO.T_ALPHAVANTAGE VALUES (20044, 'AI.PA');
INSERT INTO IEB_PRO.T_ALPHAVANTAGE VALUES (20045, 'BN.PA');
INSERT INTO IEB_PRO.T_ALPHAVANTAGE VALUES (20046, 'UNA.AS');
INSERT INTO IEB_PRO.T_ALPHAVANTAGE VALUES (20048, 'SIE.DE');
INSERT INTO IEB_PRO.T_ALPHAVANTAGE VALUES (20049, 'PHIA.AS');
INSERT INTO IEB_PRO.T_ALPHAVANTAGE VALUES (20051, 'ALV.DE');
INSERT INTO IEB_PRO.T_ALPHAVANTAGE VALUES (20052, 'CS.PA');
INSERT INTO IEB_PRO.T_ALPHAVANTAGE VALUES (20054, 'RDSA.AS');
INSERT INTO IEB_PRO.T_ALPHAVANTAGE VALUES (20055, 'FP.PA');
INSERT INTO IEB_PRO.T_ALPHAVANTAGE VALUES (20056, 'DTE.DE');
INSERT INTO IEB_PRO.T_ALPHAVANTAGE VALUES (20057, 'ORA.PA');
INSERT INTO IEB_PRO.T_ALPHAVANTAGE VALUES (20058, 'EOAN.DE');
INSERT INTO IEB_PRO.T_ALPHAVANTAGE VALUES (20060, 'RWE.DE');
INSERT INTO IEB_PRO.T_ALPHAVANTAGE VALUES (20061, 'GAS.MC');
INSERT INTO IEB_PRO.T_ALPHAVANTAGE VALUES (20065, 'ABE.MC');
INSERT INTO IEB_PRO.T_ALPHAVANTAGE VALUES (20066, 'ACX.MC');
INSERT INTO IEB_PRO.T_ALPHAVANTAGE VALUES (20068, 'BKT.MC');
INSERT INTO IEB_PRO.T_ALPHAVANTAGE VALUES (20070, '^GSPC');
INSERT INTO IEB_PRO.T_ALPHAVANTAGE VALUES (20071, '^IXIC');
INSERT INTO IEB_PRO.T_ALPHAVANTAGE VALUES (20072, '^IBEX');
INSERT INTO IEB_PRO.T_ALPHAVANTAGE VALUES (20080, 'GRF.MC');
INSERT INTO IEB_PRO.T_ALPHAVANTAGE VALUES (20081, 'SAB.MC');
INSERT INTO IEB_PRO.T_ALPHAVANTAGE VALUES (20082, 'SAN.PA');
INSERT INTO IEB_PRO.T_ALPHAVANTAGE VALUES (20083, '^STOXX50E');
INSERT INTO IEB_PRO.T_ALPHAVANTAGE VALUES (20091, 'ACS.MC');







